league;discipline;result;athlete;location;achieved_at
Miehet;100m;10,98;Joni Vainio-Kaila;Turku;29.5.2019
Miehet;100m;11,03;Viachaslau Balitski;Turku;2.6.2016
Miehet;100m;11,17;Ilmari Vuorela;Kemi;22.8.2020
Miehet;100m;11,0h;Jari Taiminen;-;1.1.1981
Miehet;100m;11,2h;Veijo Hyörtti;-;1.1.1966
Miehet;100m;11,2h;Heikki Wala;Kalanti;31.8.1974
Miehet;100m;11,50;Teemu Hyytiä;Mynämäki;24.7.2012
Miehet;100m;11,56;Mikko Tätilä;Kaarina;19.8.1991
Miehet;100m;11,63;Joonas Mäkinen;Turku;13.8.2014
Miehet;100m;11,4h;Kauko Simola;-;1.1.1947
Miehet;100m;11,4h;Tapio Suvanto;-;1.1.1968
Miehet;100m;11,4h;Olli Kruuna;-;1.1.1974
Miehet;200m;21,89;Joni Vainio-Kaila;Turku;10.8.2016
Miehet;200m;22,76;Ilmari Vuorela;Kemi;23.8.2020
Miehet;200m;22,7h;Jari Taiminen;-;1.1.1981
Miehet;200m;23,31;Mikko Tätilä;Turku;31.7.1991
Miehet;200m;23,37;Viachaslau Balitski;Uusikaupunki;29.5.2016
Miehet;200m;23,42;Ilpo Haalisto;Kaarina;23.8.1993
Miehet;200m;23,4h;Ilkka Simola;Turku;4.9.1968
Miehet;200m;23,6h;Heikki Rautalin;-;1.1.1977
Miehet;200m;23,7h;Dan Karlsson;-;1.1.1975
Miehet;200m;23,96;Erkki Pirilä;-;1.1.1991
Miehet;400m;47,72;Joni Vainio-Kaila;Lahti;15.8.2015
Miehet;400m;48,98;Ilpo Haalisto;Tuusula/H;17.7.1993
Miehet;400m;49,84;Erkki Pirilä;Lieto;8.7.1990
Miehet;400m;50,5h;Jari Taiminen;Kuortane;5.9.1981
Miehet;400m;51,0h;Dan Karlsson;-;1.1.1978
Miehet;400m;52,2h;Ilkka Simola;-;1.1.1973
Miehet;400m;52,61;Joonas Mäkinen;Kuopio;2.8.2014
Miehet;400m;52,69;Ilmari Vuorela;Turku;16.6.2020
Miehet;400m;52,6h;Veikko Varpula;-;1.1.1975
Miehet;400m;53,0h;Jorma Sarin;-;1.1.1951
Miehet;400m;53,0h;Severi Aaltonen;-;1.1.1951
Miehet;400m;53,0h;Esko Kuusisto;-;1.1.1954
Miehet;800m;1.50,40;Ilpo Haalisto;Mikkeli;30.7.1993
Miehet;800m;1.51,21;Erkki Pirilä;Tuusula/H;14.8.1990
Miehet;800m;1.53,3h;Veikko Varpula;-;1.1.1975
Miehet;800m;1.55,14;Kari Laiho;Lieto;7.7.1990
Miehet;800m;1.56,18;Kari Korpelainen;Lieto;27.7.1987
Miehet;800m;1.56,4h;Aarre Karonen;Turku;30.6.1974
Miehet;800m;1.56,68;Jari Terho;Turku;31.7.1991
Miehet;800m;1.58,0h;Pekka Paukku;-;1.1.1958
Miehet;800m;1.59,40;Ari Vuorela;-;1.1.1985
Miehet;800m;1.59,5h;Harri Salminen;-;1.1.1975
Miehet;1500m;3.50,80;Jari Terho;Turku;1.8.1991
Miehet;1500m;3.51,7h;Veikko Varpula;-;1.1.1975
Miehet;1500m;3.53,6h;Aarre Karonen;Turku;1.7.1974
Miehet;1500m;3.57,0h;Erkki Pirilä;Laitila;15.6.1991
Miehet;1500m;3.58,1h;Mauri Kontu;Turku;25.8.1976
Miehet;1500m;3.59,00;Ilpo Haalisto;-;1.1.1989
Miehet;1500m;3.59,05;Kari Korpelainen;Joutsa;18.7.1987
Miehet;1500m;3.59,54;Kari Laiho;Lieto;8.7.1990
Miehet;1500m;4.00,62;Pasi Siivonen;-;1.1.1990
Miehet;1500m;4.00,9h;Pekka Paukku;-;1.1.1964
Miehet;3000m;8.17,52;Jari Terho;Tuusula/H;14.8.1990
Miehet;3000m;8.27,6h;Mauri Kontu;Keuruu;25.6.1976
Miehet;3000m;8.29,20;Pasi Siivonen;Helsinki;29.5.1990
Miehet;3000m;8.30,4h;Aarre Karonen;Turku/M;3.7.1974
Miehet;3000m;8.38,0h;Veikko Varpula;-;1.1.1976
Miehet;3000m;8.45,26;Kari Laiho;-;1.1.1990
Miehet;3000m;8.46,0h;Aappo Kontu;-;1.1.1975
Miehet;3000m;8.51,7h;Mika Harkas;Raisio;3.7.1981
Miehet;3000m;8.53,5h;Tarmo Jalo;-;1.1.1939
Miehet;3000m;8.54,0h;Ari Vuorela;-;1.1.1985
Miehet;5000m;14.21,13;Jari Terho;Lahti;8.8.1991
Miehet;5000m;14.36,2h;Aarre Karonen;Kuortane;22.6.1974
Miehet;5000m;14.46,8h;Mauri Kontu;Espoo/La;1.10.1976
Miehet;5000m;14.49,97;Pasi Siivonen;Vantaa/H;24.5.1990
Miehet;5000m;14.56,8h;Aappo Kontu;Paimio;29.5.1975
Miehet;5000m;15.21,2h;Voitto Airola;-;1.1.1956
Miehet;5000m;15.37,4h;Kari Laiho;-;1.1.1982
Miehet;5000m;15.41,22;Ari Vuorela;Varkaus;27.7.1985
Miehet;5000m;15.46,3h;Tarmo Jalo;-;1.1.1939
Miehet;5000m;15.47,16;Esa Paukku;-;1.1.1990
Miehet;10000m;30.18,26;Jari Terho;Helsinki/E;28.5.1991
Miehet;10000m;32.24,6h;Tarmo Jalo;-;1.1.1939
Miehet;10000m;32.52,71;Esa Paukku;-;1.1.1990
Miehet;10000m;32.59,6h;Erkki Sillantaka;-;1.1.1938
Miehet;10000m;33.22,6h;Rauli Helkkula;-;1.1.1974
Miehet;10000m;33.36,6h;Voitto Airola;-;1.1.1955
Miehet;10000m;34.46,69;Kari Laiho;-;1.1.1986
Miehet;10000m;37.58,0h;Seppo Juvala;-;1.1.1953
Miehet;10000m;38.21,0h;A. Lehtonen;-;1.1.1941
Miehet;10000m;39.51,0h;Matti Äärilä;-;1.1.1953
Miehet;Puolimaraton;1.15.58;Kari Yli-Pentti;Tusku;7.7.1996
Miehet;Puolimaraton;1.28.04;Kari Laiho;Masku;12.4.2015
Miehet;Puolimaraton;1.31.17;Erkki Pirilä;Eurajoki;21.8.2010
Miehet;Puolimaraton;1.36.24;Eero Rantala;Säkylä;22.7.2017
Miehet;Maraton;2.30.05;Aarre Karonen;Turku;7.4.1974
Miehet;Maraton;2.39.13;Antti Ollila;-;1.1.1975
Miehet;Maraton;2.41.24;Kari Yli-Pentti;Hämeenlinna;15.7.1995
Miehet;Maraton;2.52.58;Rauli Helkkula;Turku;31.3.1975
Miehet;Maraton;2.53.04;Kari Pärkö;-;1.1.1986
Miehet;Maraton;2.56.04;Jyrki Heinonen;-;1.1.1990
Miehet;Maraton;2.57.25;Jari Terho;-;1.1.1991
Miehet;Maraton;3.06.25;Seppo Lehtola;-;1.1.1989
Miehet;Maraton;3.09.08;Mika Harkas;-;1.1.1981
Miehet;Maraton;3.18.15;Arto Kaarma;-;1.1.1984
Miehet;3000m estejuoksu;8.52,85;Mauri Kontu;Turku;3.7.1976
Miehet;3000m estejuoksu;8.53,88;Jari Terho;Helsinki;28.7.1991
Miehet;3000m estejuoksu;9.15,9h;Aarre Karonen;-;1.1.1974
Miehet;3000m estejuoksu;9.43,27;Esa Paukku;Turku;14.8.1991
Miehet;3000m estejuoksu;9.45,2h;Rauli Helkkula;Laitila;19.8.1974
Miehet;3000m estejuoksu;9.45,98;Kari Laiho;Turku;25.7.1990
Miehet;3000m estejuoksu;9.49,0h;Aappo Kontu;Laitila;9.8.1974
Miehet;3000m estejuoksu;10.09,8h;Tarmo Jalo;-;1.1.1937
Miehet;3000m estejuoksu;10.15,0h;Esa Kylä-Kaila;-;1.1.1975
Miehet;3000m estejuoksu;10.41,6h;Erkki Sillantaka;-;1.1.1939
Miehet;110m aitajuoksu;16,21;Joonas Mäkinen;Kauhava;4.8.2017
Miehet;110m aitajuoksu;17,00;Jetro Hilakari;Turku;2.7.1997
Miehet;110m aitajuoksu;16,8h;Jouni Järvinen;-;1.1.1958
Miehet;110m aitajuoksu;17,0h;Jyrki Heinonen;-;1.1.1981
Miehet;110m aitajuoksu;17,38;Esa Paukku;Mynämäki;21.7.1998
Miehet;110m aitajuoksu;17,5h;Jari Taiminen;-;1.1.1981
Miehet;110m aitajuoksu;17,7h;Viljo Koskinen;-;1.1.1955
Miehet;110m aitajuoksu;18,3h;Aaro Saario;-;1.1.1945
Miehet;110m aitajuoksu;19,21;Joni Laiho;Raasepori/K;8.9.2013
Miehet;110m aitajuoksu;19,2h;Aarto Tala;-;1.1.1945
Miehet;400m aitajuoksu;51,09;Joni Vainio-Kaila;Tampere;5.9.2015
Miehet;400m aitajuoksu;58,32;Jetro Hilakari;Hämeenlinna;10.8.1996
Miehet;400m aitajuoksu;58,7h;Veikko Varpula;-;1.1.1975
Miehet;400m aitajuoksu;59,25;Joonas Mäkinen;Lappeenranta;7.8.2016
Miehet;400m aitajuoksu;60,0h;Jorma Sarin;-;1.1.1951
Miehet;400m aitajuoksu;60,29;Kari Laiho;Naantali;19.8.1992
Miehet;400m aitajuoksu;61,0h;Esa Kylä-Kaila;-;1.1.1976
Miehet;400m aitajuoksu;61,7h;Heikki Rautalin;-;1.1.1976
Miehet;400m aitajuoksu;62,29;Esa Paukku;Mynämäki;21.7.1993
Miehet;400m aitajuoksu;62,86;Jyrki Heinonen;-;1.1.1983
Miehet;Korkeus;194;Heikki Laaksonen;Naantali;4.8.1973
Miehet;Korkeus;194;Joonas Mäkinen;Kópavogur ISL;7.6.2014
Miehet;Korkeus;188;Jari Taiminen;-;1.1.1980
Miehet;Korkeus;186;Juha Taiminen;-;1.1.1985
Miehet;Korkeus;184;Teemu Hyytiä;Oulu;27.8.2011
Miehet;Korkeus;181;Aaro Saario;-;1.1.1946
Miehet;Korkeus;181;Esa Paukku;Laitila;21.5.1996
Miehet;Korkeus;181;Matti Venho;Hämeenlinna;4.8.2003
Miehet;Korkeus;180;Jetro Hilakari;Lieto;13.9.1990
Miehet;Korkeus;178;Kari Korpela;-;1.1.1956
Miehet;Korkeus;178;Heikki Mehtonen;-;1.1.1988
Miehet;Korkeus;178;Martin Mäenpää;Laitila;22.8.2018
Miehet;Seiväs;510;Teemu Hyytiä;Raisio;10.7.2014
Miehet;Seiväs;440;Joni Laiho;Raisio;26.7.2011
Miehet;Seiväs;430;Joonas Mäkinen;Riihimäki;10.9.2017
Miehet;Seiväs;425;Akseli Hyytiä;Uusikaupunki;3.7.2020
Miehet;Seiväs;413;Rami Hyytiä;Laitila;25.7.1999
Miehet;Seiväs;383;Tomi Hyytiä;Laitila;20.7.1997
Miehet;Seiväs;380;Urpo Eerola;Turku;16.6.1960
Miehet;Seiväs;372;Verner Perkkola;Uusikaarlepyy;7.9.2014
Miehet;Seiväs;370;Esa Paukku;Punkalaidun;5.9.1999
Miehet;Seiväs;363;Mikko Rinne;Laitila;20.7.1997
Miehet;Pituus;7,16;Jari Taiminen;Rauma;15.8.1981
Miehet;Pituus;6,68;Jaakko Rautala;-;1.1.1960
Miehet;Pituus;6,67;Akseli Hyytiä;Lahti;20.9.2020
Miehet;Pituus;6,65;Tuure Leinonen;-;1.1.1971
Miehet;Pituus;6,64;Teemu Hyytiä;Laitila;2.8.2012
Miehet;Pituus;6,61;Joonas Mäkinen;Laitila;24.5.2014
Miehet;Pituus;6,60;Kauko Simola;Laitila;30.6.1946
Miehet;Pituus;6,50;Joni Vainio-Kaila;Naantali;8.9.2011
Miehet;Pituus;6,47;Ilkka Kylä-Heiko;-;1.1.1959
Miehet;Pituus;6,36;Pentti Palmunen;-;1.1.1940
Miehet;Kolmiloikka;13,35;Heikki Laaksonen;-;1.1.1968
Miehet;Kolmiloikka;13,32;Tapio Suvanto;-;1.1.1968
Miehet;Kolmiloikka;13,21;Olavi Sainio;-;1.1.1946
Miehet;Kolmiloikka;13,19;H. Talvio;-;1.1.1950
Miehet;Kolmiloikka;13,15;Harri Haikama;-;1.1.1968
Miehet;Kolmiloikka;13,02;Jari Taiminen;Turku;24.8.1977
Miehet;Kolmiloikka;13,00;Jyrki Heinonen;-;1.1.1981
Miehet;Kolmiloikka;12,83;Harry Haapanen;-;1.1.1966
Miehet;Kolmiloikka;12,76;Jaakko Koskela;-;1.1.1960
Miehet;Kolmiloikka;12,65;Matti Mäkinen;-;1.1.1966
Miehet;Kuula;15,16;Jari Pyykkö;Nummi-Pusula;26.6.1988
Miehet;Kuula;14,65;Toni Nurmela;Turku;28.7.2005
Miehet;Kuula;14,35;Urpo Lipponen;-;1.1.1963
Miehet;Kuula;14,00;Aaro Saario;-;1.1.1947
Miehet;Kuula;13,84;Seppo Nousiainen;-;1.1.1979
Miehet;Kuula;13,69;Aarto Tala;-;1.1.1949
Miehet;Kuula;13,50;Tapio Mikola;-;1.1.1977
Miehet;Kuula;13,31;Erkki Hiltunen;-;1.1.1976
Miehet;Kuula;13,04;Pauli Palmunen;-;1.1.1939
Miehet;Kuula;12,98;Ilmari Kuoppa;-;1.1.1955
Miehet;Kiekko;52,36;Martti Ruoho;Somero;30.5.1979
Miehet;Kiekko;46,42;Jari Pyykkö;Nokia;6.6.1981
Miehet;Kiekko;43,70;Pentti Aaltonen;-;1.1.1959
Miehet;Kiekko;42,18;Aaro Saario;-;1.1.1943
Miehet;Kiekko;41,96;Tapio Mikola;Turku;19.7.1977
Miehet;Kiekko;41,12;Verner Perkkola;Turku;16.7.2019
Miehet;Kiekko;40,20;Antero Eerikkilä;-;1.1.1971
Miehet;Kiekko;39,64;Antti Nurminen;-;1.1.1937
Miehet;Kiekko;38,98;Seppo Nousiainen;-;1.1.1979
Miehet;Kiekko;38,78;Hannu Laurila;-;1.1.1974
Miehet;Moukari;59,22;Antero Eerikkilä;Laitila;19.8.1970
Miehet;Moukari;49,70;Aki Ranne;Laitila;20.8.1971
Miehet;Moukari;49,20;Sakari Isolauri;Laitila;12.9.1970
Miehet;Moukari;45,40;Jari Pyykkö;Raisio;3.7.1981
Miehet;Moukari;40,90;Aaro Saario;-;1.1.1955
Miehet;Moukari;40,20;Tapio Mikola;Turku;18.7.1977
Miehet;Moukari;39,78;Raimo Taiminen;-;1.1.1973
Miehet;Moukari;36,62;Pentti Aaltonen;-;1.1.1962
Miehet;Moukari;36,24;Asko Suikkanen;-;1.1.1979
Miehet;Moukari;34,80;Martti Ruoho;-;1.1.1976
Miehet;Keihäs;65,56;Aaro Saario;-;1.1.1943
Miehet;Keihäs;63,28;Heikki Rautalin;-;1.1.1976
Miehet;Keihäs;60,10;Toni Nurmela;Laitila;21.5.1998
Miehet;Keihäs;59,93;Verner Perkkola;Laitila;18.7.2020
Miehet;Keihäs;59,26;Ilkka Lehto;-;1.1.1974
Miehet;Keihäs;57,97;Erkki Hiltunen;-;1.1.1964
Miehet;Keihäs;57,25;Kalevi Laine;-;1.1.1951
Miehet;Keihäs;56,42;Tauno Pietilä;-;1.1.1955
Miehet;Keihäs;55,20;Reino Laihi;-;1.1.1947
Miehet;Keihäs;55,06;Pentti Aaltonen;-;1.1.1956
Miehet;Kymmenottelu;6124;Joonas Mäkinen;Kuopio;3.8.2014
Miehet;Kymmenottelu;6100;Jari Taiminen;Somero;14.6.1981
Miehet;Kymmenottelu;5311;Esa Paukku;Turku;8.6.1997
Miehet;Kymmenottelu;4975;Aaro Saario;Laitila;23.9.1945
Miehet;Kymmenottelu;4670;Joni Laiho;Raasepori/K;8.9.2013
Miehet;20km kävely;1.34.42;Kari Laiho;Turku;31.3.1997
Miehet;50km kävely;4.42.57;Kari Laiho;Vantaa;5.5.1996
Naiset;100m;12,55;Verna Vuorela;Turku;25.7.2020
Naiset;100m;12,70;Heidi Knuutila;Raisio;27.7.2003
Naiset;100m;12,78;Katri Routsalo;Paimio;14.7.1993
Naiset;100m;12,81;Carolina Grönroos;Laitila;18.7.2020
Naiset;100m;12,95;Aamu Airisto;Hyvinkää;6.8.2021
Naiset;100m;13,10;Lotta Metsärinta;Tampere;23.5.2021
Naiset;100m;13,0h;Satu Rantanen;-;1.1.1978
Naiset;100m;13,31;Jutta Lukkala;Laitila;19.7.2014
Naiset;100m;13,38;Jaana Heinonen;-;1.1.1990
Naiset;100m;13,41;Laura Lähteenmäki;Turku;5.7.2005
Naiset;200m;25,63;Katri Routsalo;Mynämäki;21.7.1993
Naiset;200m;25,86;Heidi Knuutila;Turku;18.8.1999
Naiset;200m;26,12;Carolina Grönroos;Pedersöre;8.8.2020
Naiset;200m;26,55;Verna Vuorela;Turku;6.7.2021
Naiset;200m;26,68;Lotta Metsärinta;Laitila;26.9.2020
Naiset;200m;26,6h;Tiina Varjonen;-;1.1.1984
Naiset;200m;27,08;Taisa Bragge;Turku;30.6.1998
Naiset;200m;27,31;Jaana Heinonen;-;1.1.1990
Naiset;200m;27,1h;Sinikka Tyynelä;-;1.1.1970
Naiset;200m;27,43;Jutta Lukkala;Naantali;26.7.2015
Naiset;400m;57,29;Heidi Knuutila;Turku;6.7.2001
Naiset;400m;58,29;Katri Routsalo;Mynämäki;22.7.1993
Naiset;400m;58,90;Taisa Bragge;Kokemäki;25.7.1999
Naiset;400m;58,9h;Sinikka Tyynelä;Paimio;19.7.1976
Naiset;400m;59,3h;Kia Minkkinen;Turku;2.7.1997
Naiset;400m;60,34;Jaana Simola;Kokemäki;9.7.1992
Naiset;400m;60,43;Sari Kaitila;Mynämäki;22.7.1993
Naiset;400m;60,85;Carolina Grönroos;Pedersöre;7.8.2020
Naiset;400m;61,49;Terhi Hynnä;Lieto;27.7.1989
Naiset;400m;61,50;Henna Anttila;Kokemäki;9.7.1992
Naiset;800m;2.05,3h;Sinikka Tyynelä;Helsinki;4.9.1976
Naiset;800m;2.12,27;Kia Minkkinen;Turku;1.7.1998
Naiset;800m;2.14,20;Jaana Simola;Ylöjärvi;25.6.1993
Naiset;800m;2.16,60;Taisa Bragge;Pori;15.8.1999
Naiset;800m;2.18,66;Sari Kaitila;Mynämäki;21.7.1993
Naiset;800m;2.19,54;Henna Anttila;Turku;22.7.1992
Naiset;800m;2.20,0h;Tiina Varjonen;Salo;29.6.1980
Naiset;800m;2.20,46;Terhi Hynnä;Nokia;27.8.1988
Naiset;800m;2.20,6h;Tarja Sainio;Vammala;19.8.1976
Naiset;800m;2.21,7h;Lea Kylä-Kaila;-;1.1.1976
Naiset;1500m;4.12,9;Sinikka Tyynelä;Oslo NOR;30.6.1976
Naiset;1500m;4.34,68;Kia Minkkinen;Eurajoki;11.6.1998
Naiset;1500m;4.40,0h;Tarja Sainio;Tampere;16.8.1976
Naiset;1500m;4.46,64;Jaana Simola;Vammala;6.6.1993
Naiset;1500m;4.47,97;Taisa Bragge;Eurajoki;11.6.1998
Naiset;1500m;4.48,96;Terhi Hynnä;Turku;27.6.1989
Naiset;1500m;4.50,17;Henna Anttila;Turku;21.7.1994
Naiset;1500m;5.01,2h;Päivi Sainio-Ranta;Laitila;16.6.1976
Naiset;1500m;5.06,0h;Lea Kylä-Kaila;Turku;13.7.1973
Naiset;1500m;5.07,58;Jutta Ellä;Lieto;11.9.1993
Naiset;3000m;9.17,8h;Sinikka Tyynelä;Helsinki;17.8.1974
Naiset;3000m;10.00,4h;Tarja Sainio;Helsinki;20.5.1976
Naiset;3000m;10.27,98;Kia Minkkinen;Raisio;3.7.1996
Naiset;3000m;11.06,18;Henna Anttila;Naantali;19.8.1992
Naiset;3000m;11.06,95;Jutta Ellä;Turku;27.8.1997
Naiset;3000m;11.17,6h;Taru Karlund;Naantali;25.6.1973
Naiset;3000m;11.28,91;Sari Kaitila;Salo;1.6.1993
Naiset;3000m;11.35,30;Taisa Bragge;Turku;31.8.2016
Naiset;3000m;11.36,94;Jaana Simola;-;1.1.1991
Naiset;3000m;11.37,0h;Anja Riitta-Laihinen;-;1.1.1973
Naiset;5000m;18.15,0h;Tarja Sainio;Kankaanpää;21.9.1975
Naiset;5000m;19.13,1h;Jutta Ellä;Turku;28.5.1997
Naiset;10000m;-;-;-;1.1.1911
Naiset;Puolimaraton;1.30.59;Venla Laiho;Kankaanpää;20.10.2018
Naiset;Puolimaraton;1.41.09;Taisa Bragge;Turku;17.09.2016
Naiset;Puolimaraton;1.42.41;Kirsi Kuuttila;Turku;22.09.2018
Naiset;Puolimaraton;1.53.48;Jonna Voronkoff;Turku;3.7.2010
Naiset;Maraton;3.34.31;Senja-Riitta Lukkarinen;Vantaa;11.10.1992
Naiset;Maraton;4.01.52;Henna Suvanto;Helsinki;14.8.2010
Naiset;Maraton;4.04.49;Seija Vilen;-;1.1.1991
Naiset;Maraton;4.10.00;Kirsi Laine;-;1.1.1995
Naiset;Maraton;4.16.00;Tarja Salonen;-;1.1.1991
Naiset;Maraton;4.22.23;Taisa Bragge;Turku;26.9.2013
Naiset;Maraton;4.26.55;Reija Nurmi;-;1.1.1992
Naiset;Maraton;4.30.19;Heljä Mustonen;-;1.1.1991
Naiset;Maraton;4.49.00;Merja-Riitta Palmunen;-;1.1.1988
Naiset;3000m estejuoksu;13.31,60;Jutta Ellä;Turku;9.8.2000
Naiset;100m aitajuoksu;14,4h;Tiina Varjonen;Raisio;30.5.1987
Naiset;100m aitajuoksu;15,53;Jaana Heinonen;Mynämäki;21.7.1993
Naiset;100m aitajuoksu;15,62;Katri Routsalo;Raisio;1.8.1992
Naiset;100m aitajuoksu;15,96;Heidi Knuutila;Turku;25.8.1999
Naiset;100m aitajuoksu;16,32;Sari Myllymäki;Lieto;16.6.1988
Naiset;100m aitajuoksu;18,53;Saara Simola;Uusikaupunki;24.5.2008
Naiset;100m aitajuoksu;19,5h;Riitta Valonen;-;1.1.1969
Naiset;100m aitajuoksu;19,8h;Sirpa Laihonen;-;1.1.1969
Naiset;100m aitajuoksu;21,4h;Leena Hurme;-;1.1.1969
Naiset;100m aitajuoksu;23,2h;Sirke Varjo;-;1.1.1970
Naiset;400m aitajuoksu;62,54;Heidi Knuutila;Lahti;19.8.2000
Naiset;400m aitajuoksu;66,87;Jaana Simola;Naantali;19.8.1992
Naiset;400m aitajuoksu;67,04;Lotta Metsärinta;Raisio;20.7.2021
Naiset;400m aitajuoksu;68,31;Laura Lähteenmäki;Turku;21.7.2004
Naiset;400m aitajuoksu;68,5h;Tuija Hautakangas;Mynämäki;23.7.1979
Naiset;400m aitajuoksu;68,74;Sari Myllymäki;Parainen;8.6.1990
Naiset;400m aitajuoksu;69,80;Taisa Bragge;Kannus;12.8.2001
Naiset;400m aitajuoksu;71,78;Sari Kaitila;Paimio;14.7.1993
Naiset;400m aitajuoksu;72,50;Carolina Grönroos;Naantali;2.7.2020
Naiset;400m aitajuoksu;73,79;Jutta Lukkala;Jämsä/J;25.6.2015
Naiset;Korkeus;170;Tiina Varjonen;Raisio;30.5.1987
Naiset;Korkeus;166;Saija Lännistö;Turku;2.7.1994
Naiset;Korkeus;165;Heli Airasmäki;Lieto;25.6.1991
Naiset;Korkeus;163;Mari Hämäläinen;Turku;2.7.1994
Naiset;Korkeus;162;Maarit Rantanen;Vantaa/T;16.8.1992
Naiset;Korkeus;160;Tuija Hautakangas;Raisio;2.6.1979
Naiset;Korkeus;156;Kiia Ihanmäki;Laitila;16.7.2021
Naiset;Korkeus;155;Sari Myllymäki;-;1.1.1986
Naiset;Korkeus;155;Jaana Myllymäki;-;1.1.1989
Naiset;Korkeus;155;Taisa Bragge;Laitila;31.8.1997
Naiset;Seiväs;330;Saara Simola;Somero;29.6.2008
Naiset;Seiväs;315;Venla Laiho;Tammela/E;20.5.2011
Naiset;Seiväs;293;Annika Virtanen;Turku;14.7.2008
Naiset;Seiväs;280;Ida Grönroos;Turku;6.8.2016
Naiset;Seiväs;276;Jenni Mannermaa;Turku;22.8.2007
Naiset;Seiväs;276;Jutta Lukkala;Turku;10.8.2013
Naiset;Seiväs;265;Jenina Luotonen;Uusikaupunki;3.7.2020
Naiset;Seiväs;252;Saana Sillantaka;Turku;15.8.2005
Naiset;Seiväs;246;Lotta Metsärinta;Laitila;18.9.2018
Naiset;Seiväs;240;Maria Antola;Ikaalinen;3.9.2016
Naiset;Pituus;5,98;Tiina Varjonen;Salo;19.7.1987
Naiset;Pituus;5,66;Jaana Heinonen;Turku;31.7.1991
Naiset;Pituus;5,49;Jutta Lukkala;Raisio;23.8.2014
Naiset;Pituus;5,44;Jaana Taiminen;Salo;22.8.1981
Naiset;Pituus;5,44;Verna Vuorela;Naantali;19.6.2021
Naiset;Pituus;5,34;Sari Myllymäki;Eura;20.7.1989
Naiset;Pituus;5,34;Saara Simola;Somero;26.7.2007
Naiset;Pituus;5,33;Heidi Knuutila;Turku;18.8.1999
Naiset;Pituus;5,20;Päivi Salonen;Turku;6.7.2005
Naiset;Pituus;5,18;Lotta Metsärinta;Raisio;20.7.2021
Naiset;Kolmiloikka;12,26;Heidi Knuutila;Naantali;13.8.2002
Naiset;Kolmiloikka;11,54;Saara Simola;Riihimäki;15.8.2009
Naiset;Kolmiloikka;11,13;Jutta Lukkala;Naantali;9.7.2015
Naiset;Kolmiloikka;10,92;Katariina Pilpola;Riihimäki;19.7.2008
Naiset;Kolmiloikka;10,89;Laura Lähteenmäki;Turku;7.9.2003
Naiset;Kolmiloikka;10,79;Carolina Grönroos;Turku;28.7.2019
Naiset;Kolmiloikka;10,75;Jenina Luotonen;Turku;23.6.2021
Naiset;Kolmiloikka;10,69;Jaana Heinonen;Lieto;25.6.1991
Naiset;Kolmiloikka;10,67;Verna Vuorela;Turku;26.7.2020
Naiset;Kolmiloikka;10,64;Kiia Ihanmäki;Turku;23.6.2021
Naiset;Kuula;13,88;Mila Virtanen;Sollentuna SWE;11.8.1984
Naiset;Kuula;13,23;Sari Peltonen;Salo;17.7.2006
Naiset;Kuula;13,01;Raija Simola;Raisio;22.6.1981
Naiset;Kuula;12,94;Minna Kakkonen;Espoo/E;19.6.1993
Naiset;Kuula;12,51;Lila Lahdenranta;Varkaus;27.7.1985
Naiset;Kuula;12,09;Kirsi Varjonen;Tarvasjoki;20.8.1989
Naiset;Kuula;11,93;Pirjo Koskinen;Heinola/V;28.5.1983
Naiset;Kuula;11,65;Johanna Ellä;Raisio;22.7.1992
Naiset;Kuula;11,36;Tiina Varjonen;Fredrikstad NOR;27.6.1987
Naiset;Kuula;11,31;Anni-Mari Huhtanen;Ikaalinen;22.6.2012
Naiset;Kiekko;53,48;Krista Uusi-Kinnala;Bydgoszcz POL;14.7.2017
Naiset;Kiekko;48,08;Pirjo Koskinen;Kankaanpää;13.7.1985
Naiset;Kiekko;44,38;Lila Lahdenranta;Laitila;29.8.1983
Naiset;Kiekko;39,30;Kirsi Varjonen;Valkeakoski;15.7.1990
Naiset;Kiekko;37,14;Raija Simola;Laitila;18.5.1981
Naiset;Kiekko;36,60;Mila Virtanen;Turku;21.7.1984
Naiset;Kiekko;35,26;Mari Sonkki;Salo;15.8.1989
Naiset;Kiekko;34,27;Sini Hentilä;Uusikaupunki;16.8.2006
Naiset;Kiekko;34,18;Karoliina Haijanen;Helsinki;22.8.1968
Naiset;Kiekko;33,50;Riina Hyytiä;Laitila;31.8.1994
Naiset;Moukari;54,10;Elina Impilä;Naantali;15.7.2004
Naiset;Moukari;43,42;Sari Peltonen;Turku;20.7.2004
Naiset;Moukari;41,78;Krista Uusi-Kinnala;Nousiainen;29.5.2014
Naiset;Moukari;39,72;Minna Kakkonen;Espoo/E;9.9.1995
Naiset;Moukari;34,27;Sini Hentilä;Uusikaupunki;7.8.2007
Naiset;Moukari;32,64;Anne Lehto;Turku;29.5.1996
Naiset;Moukari;25,99;Susan Kiiski;Turku;5.8.2009
Naiset;Keihäs;54,77;Sini Hentilä;Äänekoski;13.6.2010
Naiset;Keihäs;44,38;Riina Hyytiä;Nokia;19.8.1994
Naiset;Keihäs;44,16;Birgitta Rantala;Laitila;29.7.1974
Naiset;Keihäs;41,80;Tatja Hynnä;Salo;28.8.1988
Naiset;Keihäs;41,78;Johanna Ellä;Noormarkku;29.7.1992
Naiset;Keihäs;40,46;Jasmin Kiiski;Turku;26.8.2015
Naiset;Keihäs;39,72;Tiia Taipalus;Somero;26.7.2007
Naiset;Keihäs;39,52;Liisa Raitio;Pietarsaari;27.7.1975
Naiset;Keihäs;38,82;Tiina Varjonen;Salo;18.7.1987
Naiset;Keihäs;37,08;Sisko Järvelä;Laitila;10.7.1977
Naiset;Seitsenottelu;5201;Tiina Varjonen;Fredrikstad NOR;28.6.1987
Naiset;Seitsenottelu;3923;Sari Myllymäki;Tampere;12.8.1989
Naiset;Seitsenottelu;3657;Saara Simola;Uusikaupunki;25.5.2008
Naiset;10km kävely;48.18;Venla Laiho;Lappeenranta;1.8.2019
Naiset;10km kävely;50.11;Jonna Voronkoff;Podébrady CZE;20.4.1997
Naiset;10km kävely;52.12;Mari Sipilä;Kaustinen;6.9.1997
Naiset;10km kävely;54.38;Jutta Ellä;Köyliö;5.9.1998
Naiset;10km kävely;57.06;Heidi Oranen;Raisio;17.4.1995
Naiset;10km kävely;57.11;Susanna Lamminsivu;Pälkäne;17.4.1994
Naiset;10km kävely;57.32;Kia Minkkinen;Lapua;22.7.1995
Naiset;10km kävely;58.57;Maria Antola;Lapua;26.9.2020
Naiset;10km kävely;59.18;Anu-Riikka Järnberg;Tampere;28.9.2013
Naiset;10km kävely;63.23;Anja Kaitila;Tuusula;4.4.1998
Naiset;20km kävely;1.43.38;Venla Laiho;Lapua;26.9.2020
Naiset;20km kävely;1.53.23;Mari Sipilä;Köyliö;5.9.1998
Naiset;20km kävely;1.54.04;Jonna Voronkoff;Tuusula;7.4.2001
Naiset;20km kävely;1.55.54;Heidi Oranen;Lahti;17.9.1995
Naiset;20km kävely;1.56.40;Jutta Ellä;Tuusula;7.4.2001
Naiset;20km kävely;2.13.58;Anja Kaitila;Köyliö;5.9.1998
Pojat 9;40m;6,58;Noel Raiskinmäki;Laitila;28.9.2019
Pojat 9;1000m;3.35,53;Niklas Virtanen;Turku;7.9.2008
Pojat 9;Korkeus;120;Ilkka Laine;Uusikaupunki;25.6.1992
Pojat 9;Pituus;4,05;Niklas Virtanen;Turku;21.9.2008
Pojat 9;Kuula;8,65;Tomi Kylä-Kaila;Mynämäki;14.9.2002
Pojat 9;Kiekko;23,96;Teemu Lahdenranta;Uusikaupunki;12.8.1986
Pojat 9;Moukari;14,57;Verner Perkkola;Turku;21.9.2008
Pojat 9;Keihäs;26,44;Severi Rantatalo;Laitila;15.6.2008
Pojat 9;Kolmiottelu;825;Niklas Virtanen;Laitila;27.9.2008
Pojat 9;Neliottelu;770;Onni Salminen;Laitila;24.9.2017
Pojat 9;600m kävely;3.38,15;Justus Lukkala;Laitila;3.9.2013
Pojat 10;60m;8,80;Noel Raiskinmäki;Laitila;26.9.2020
Pojat 10;1000m;3.22,2;Henri Terho;-;1.1.1979
Pojat 10;60m aitajuoksu;11,47;Erkki Laiho;Turku;21.9.2008
Pojat 10;60m aitajuoksu;11,47;Niklas Virtanen;Turku;13.9.2009
Pojat 10;60m aitajuoksu;11,47;Justus Lukkala;Turku;10.8.2014
Pojat 10;Korkeus;131;Lauri Partanen;-;1.1.1994
Pojat 10;Seiväs;220;Erkki Laiho;Marttila;24.7.2008
Pojat 10;Pituus;4,45;Lauri Partanen;-;1.1.1994
Pojat 10;Kolmiloikka;9,02;Miikka Savolainen;Laitila;11.9.1985
Pojat 10;Kuula;8,60;Erkki Laiho;Laitila;3.9.2008
Pojat 10;Kiekko;27,96;Ilkka Laine;-;1.1.1993
Pojat 10;Moukari;22,31;Verner Perkkola;Harjavalta;8.8.2009
Pojat 10;Keihäs;35,32;Niklas Virtanen;Turku;9.6.2009
Pojat 10;Kolmiottelu;1050;Noel Raiskinmäki;Laitila;26.9.2020
Pojat 10;Neliottelu;922;Akseli Hyytiä;Laitila;21.9.2014
Pojat 10;1000m kävely;6.02,0h;Erkki Laiho;Raisio;12.8.2008
Pojat 11;60m;8,80;Noel Raiskinmäki;Laitila;26.9.2020
Pojat 11;1000m;3.13,0h;Teijo Laaksonen;-;1.1.1974
Pojat 11;60m aitajuoksu;10,53;Justus Lukkala;Turku;9.8.2015
Pojat 11;Korkeus;140;Niko Peltola;-;1.1.1987
Pojat 11;Seiväs;246;Juuso Lukkala;Turku;10.8.2013
Pojat 11;Pituus;4,73;Niko Peltola;Raisio;5.7.1987
Pojat 11;Kolmiloikka;9,82;Niko Peltola;Mynämäki;27.8.1987
Pojat 11;Kuula;10,55;Niko Peltola;-;1.1.1987
Pojat 11;Kiekko;32,04;Ilkka Laine;Laitila;11.8.1994
Pojat 11;Moukari;26,82;Peetu Tanhuanpää;Rusko/V;15.6.2021
Pojat 11;Keihäs;36,59;Juuso Lukkala;Turku;11.8.2013
Pojat 11;Kolmiottelu;1131;Noel Raiskinmäki;Laitila;25.9.2021
Pojat 11;Neliottelu;1256;Julius Lukkala;Laitila;23.9.2018
Pojat 11;1000m kävely;5.27,75;Erkki Laiho;Turku;2.9.2009
Pojat 12;60m;8,67;Juho Tuominen;Mynämäki;29.6.2005
Pojat 12;200m;29,87;Onni Salminen;Laitila;26.9.2020
Pojat 12;1000m;3.13,0h;Teijo Laaksonen;-;1.1.1974
Pojat 12;1000m;3.13,0h;Hannu Pylkkänen;-;1.1.1976
Pojat 12;60m aitajuoksu;9,8h;Niko Peltola;Paimio;7.8.1988
Pojat 12;200m aitajuoksu;43,20;Niklas Antola;Turku;6.8.2016
Pojat 12;Korkeus;146;Niko Peltola;-;1.1.1988
Pojat 12;Seiväs;272;Akseli Hyytiä;Turku;11.9.2016
Pojat 12;Pituus;5,07;Niko Peltola;Raisio;27.8.1988
Pojat 12;Kolmiloikka;10,00;Niko Peltola;-;1.1.1988
Pojat 12;Kuula;10,96;Lauri Partanen;Paimio;17.8.1996
Pojat 12;Kiekko;31,37;Juuso Lukkala;Salo;6.9.2014
Pojat 12;Moukari;30,61;Valtteri Valtonen;Nousiainen;13.9.2018
Pojat 12;Keihäs;43,38;Janne Arola;-;1.1.1995
Pojat 12;Neliottelu;1509;Kimmo Impilä;Paimio;16.7.1997
Pojat 12;Viisiottelu;1116;Jesse Virtanen;Naantali;26.7.2015
Pojat 12;2000m kävely;11.11,14;Jaakko Ihanmäki;Kokemäki;1.7.1995
Pojat 13;60m;8,04;Harri Suominen;Rauma;18.8.2002
Pojat 13;200m;26,85;Pekka Kuusisto;Loimaa/H;18.8.1996
Pojat 13;1000m;2.59,9h;Jetro Hilakari;-;1.1.1988
Pojat 13;60m aitajuoksu;9,80;Kimmo Impilä;Laitila;13.9.1998
Pojat 13;200m aitajuoksu;34,71;Tero Uusikartano;Turku;10.8.2013
Pojat 13;Korkeus;157;Joonas Mäkinen;Turku;2.8.2008
Pojat 13;Seiväs;318;Akseli Hyytiä;Laitila;24.9.2017
Pojat 13;Pituus;5,17;Harri Suominen;Rauma;18.8.2002
Pojat 13;Kolmiloikka;10,74;Tero Uusikartano;Kaarina;14.9.2013
Pojat 13;Kuula;15,60;Ilkka Laine;-;1.1.1996
Pojat 13;Kiekko;42,59;Valtteri Valtonen;Rusko/V;5.10.2019
Pojat 13;Moukari;42,83;Valtteri Valtonen;Alaveteli;31.8.2019
Pojat 13;Keihäs;49,60;Lauri Partanen;Laitila;20.7.1997
Pojat 13;Neliottelu;2102;Ilkka Laine;-;1.1.1996
Pojat 13;Viisiottelu;2278;Martin Mäenpää;Uusikaupunki;17.9.2016
Pojat 13;2000m kävely;10.39,20;Erkki Laiho;Naantali;8.9.2011
Pojat 14;100m;12,03;Mikko Tätilä;Lieto;5.8.1989
Pojat 14;300m;38,20;Mikko Tätilä;Lieto;6.8.1989
Pojat 14;800m;2.07,61;Pekka Kuusisto;Lappajärvi;16.8.1997
Pojat 14;2000m;6.05,8h;Jari Terho;-;1.1.1979
Pojat 14;1500m estejuoksu;5.27,02;Niklas Antola;Turku;1.8.2018
Pojat 14;100m aitajuoksu;15,85;Joni Vainio-Kaila;Kerava;23.8.2008
Pojat 14;300m aitajuoksu;47,85;Verner Perkkola;Turku;10.8.2013
Pojat 14;Korkeus;175;Jetro Hilakari;Laitila;14.9.1989
Pojat 14;Seiväs;365;Akseli Hyytiä;Laitila;8.7.2018
Pojat 14;Pituus;5,40;Mikko Rinne;-;1.1.1993
Pojat 14;Kolmiloikka;11,43;Miikka Savolainen;-;1.1.1989
Pojat 14;Kuula;13,36;Valtteri Valtonen;Eura;16.7.2020
Pojat 14;Kiekko;49,90;Valtteri Valtonen;Kaarina;23.8.2020
Pojat 14;Moukari;47,41;Valtteri Valtonen;Turku;26.7.2020
Pojat 14;Keihäs;51,62;Valtteri Valtonen;Naantali;14.6.2020
Pojat 14;Viisiottelu;2576;Joonas Mäkinen;Kotka/K;4.9.2009
Pojat 14;3000m kävely;19.09,70;Erkki Laiho;Mynämäki;24.7.2012
Pojat 15;100m;11,58;Joni Vainio-Kaila;Somero;12.9.2009
Pojat 15;300m;37,23;Mikko Tätilä;Laitila;1.9.1990
Pojat 15;800m;2.04,29;Jetro Hilakari;Ylöjärvi;22.6.1990
Pojat 15;2000m;5.50,0h;Hannu Pylkkänen;Turku;30.5.1979
Pojat 15;1500m estejuoksu;4.32,7h;Jari Terho;Laitila;4.6.1980
Pojat 15;100m aitajuoksu;14,21;Joni Vainio-Kaila;Kouvola/K;6.9.2009
Pojat 15;300m aitajuoksu;42,1h;Timo Salonen;Tammela/E;1.9.1973
Pojat 15;Korkeus;180;Joonas Mäkinen;Laitila;1.9.2010
Pojat 15;Seiväs;410;Akseli Hyytiä;Salo;11.7.2019
Pojat 15;Pituus;5,96;Akseli Hyytiä;Turku;14.12.2019
Pojat 15;Kolmiloikka;12,21;Juha Taiminen;-;1.1.1982
Pojat 15;Kuula;15,34;Valtteri Valtonen;Uusikaupunki;21.7.2021
Pojat 15;Kiekko;49,90;Valtteri Valtonen;Kaarina;23.8.2020
Pojat 15;Moukari;51,04;Valtteri Valtonen;Turku;1.8.2021
Pojat 15;Keihäs;63,03;Verner Perkkola;Raisio;23.8.2014
Pojat 15;Viisiottelu;3152;Akseli Hyytiä;Lapua;17.8.2019
Pojat 15;3000m kävely;19.09,70;Erkki Laiho;Mynämäki;24.7.2012
Tytöt 9;40m;6,54;Suvi Laurila;Turku;4.9.2004
Tytöt 9;1000m;3.40,20;Alice Reivo;Turku;15.9.2012
Tytöt 9;Korkeus;125;Veera Kerttula;Laitila;29.9.2002
Tytöt 9;Pituus;3,96;Jaana Heinonen;-;1.1.1984
Tytöt 9;Kuula;7,90;Jutta Lukkala;Laitila;27.9.2008
Tytöt 9;Kiekko;22,20;Krista Uusi-Kinnala;Turku;30.7.2006
Tytöt 9;Moukari;13,75;Aino Vuoriaho;Lieto/T;21.8.2021
Tytöt 9;Keihäs;19,74;Lumia Reivo;Laitila;30.5.2016
Tytöt 9;Kolmiottelu;855;Jutta Lukkala;Laitila;30.6.2008
Tytöt 9;Neliottelu;743;Kerttu Matikainen;Laitila;27.9.2020
Tytöt 9;600m kävely;3.07,4h;Susanna Aulin;Raisio;26.9.1998
Tytöt 10;60m;9,00;Jasmin Vaskelainen;Laitila;26.9.2020
Tytöt 10;1000m;3.30,03;Neela Ihanmäki;Tuusula/H;5.7.2020
Tytöt 10;60m aitajuoksu;10,86;Jutta Lukkala;Mynämäki;15.6.2009
Tytöt 10;Korkeus;133;Heli Airasmäki;Laitila;5.9.1985
Tytöt 10;Seiväs;190;Carolina Grönroos;Turku;10.8.2014
Tytöt 10;Pituus;4,32;Jaana Heinonen;-;1.1.1985
Tytöt 10;Kolmiloikka;8,85;Neela Ihanmäki;Turku;14.7.2020
Tytöt 10;Kuula;9,75;Anni-Mari Huhtanen;Laitila;23.8.2006
Tytöt 10;Kiekko;23,32;Jutta Lukkala;Turku;25.7.2009
Tytöt 10;Moukari;18,68;Henna Laine;Turku;7.9.2003
Tytöt 10;Keihäs;30,75;Sanni Grönroos;Laitila;27.9.2009
Tytöt 10;Kolmiottelu;993;Jutta Lukkala;Laitila;9.9.2009
Tytöt 10;Neliottelu;1080;Sara Honkakangas;Laitila;29.9.2019
Tytöt 10;1000m kävely;5.11,3h;Susanna Aulin;Raisio;28.7.1999
Tytöt 11;60m;8,70;Jasmin Vaskelainen;Laitila;8.8.2021
Tytöt 11;1000m;3.22,47;Neela Ihanmäki;Laitila;4.9.2021
Tytöt 11;60m aitajuoksu;10,52;Verna Vuorela;Turku;7.8.2016
Tytöt 11;Korkeus;143;Heli Airasmäki;Loimaa;26.7.1986
Tytöt 11;Seiväs;205;Sara Honkakangas;Turku;14.7.2020
Tytöt 11;Pituus;4,38;Sari Järvelä;-;1.1.1978
Tytöt 11;Kolmiloikka;9,58;Saara Simola;Salo;11.8.2001
Tytöt 11;Kuula;11,30;Sini Kiiski;Mynämäki;19.9.2001
Tytöt 11;Kiekko;32,84;Johanna Lahdenpää;Laitila;5.8.1989
Tytöt 11;Moukari;31,10;Sini Kiiski;Turku;16.9.2001
Tytöt 11;Keihäs;37,94;Sini Kiiski;Laitila;21.7.2001
Tytöt 11;Kolmiottelu;1111;Jutta Lukkala;Loimaa/H;14.7.2010
Tytöt 11;Neliottelu;1425;Sara Honkakangas;Laitila;18.7.2020
Tytöt 11;1000m kävely;5.11,3h;Susanna Aulin;Raisio;28.7.1999
Tytöt 12;60m;8,73;Alisa Kaski;Turku;4.8.2012
Tytöt 12;200m;28,4h;Reetta Laurila;-;1.1.1993
Tytöt 12;1000m;3.18,96;Annika Laulumaa;Kaarina;18.6.2017
Tytöt 12;60m aitajuoksu;10,09;Verna Vuorela;Turku;13.8.2017
Tytöt 12;200m aitajuoksu;33,77;Sara Honkakangas;Turku;31.7.2021
Tytöt 12;Korkeus;153;Heli Airasmäki;Perniö;1.9.1987
Tytöt 12;Seiväs;242;Venla Laiho;Turku;23.9.2007
Tytöt 12;Pituus;4,81;Jaana Heinonen;Tammela;16.8.1987
Tytöt 12;Kolmiloikka;9,74;Lotta Metsärinta;Turku;10.9.2017
Tytöt 12;Kuula;12,21;Sini Kiiski;Rauma;18.8.2002
Tytöt 12;Kiekko;38,48;Johanna Lahdenpää;Turku;11.8.1990
Tytöt 12;Moukari;34,98;Aada Vuoriaho;Turku;27.9.2018
Tytöt 12;Keihäs;43,34;Sini Kiiski;Pihtipudas;5.7.2002
Tytöt 12;Neliottelu;1636;Sini Kiiski;Salo;7.9.2002
Tytöt 12;Viisiottelu;1985;Sara Honkakangas;Laitila;26.9.2021
Tytöt 12;2000m kävely;11.05,42;Annika Laulumaa;Naantali;7.9.2017
Tytöt 13;60m;8,30;Verna Vuorela;Eura;19.7.2018
Tytöt 13;200m;27,96;Verna Vuorela;Turku;1.8.2018
Tytöt 13;1000m;3.18,38;Sanna Ranta;Turku;2.9.2012
Tytöt 13;60m aitajuoksu;9,51;Verna Vuorela;Jämsä/J;28.6.2018
Tytöt 13;200m aitajuoksu;31,42;Verna Vuorela;Turku;26.8.2018
Tytöt 13;Korkeus;160;Mari Hämäläinen;Raisio;14.8.1993
Tytöt 13;Seiväs;286;Venla Laiho;Turku;21.9.2008
Tytöt 13;Pituus;5,03;Jaana Heinonen;Raisio;2.7.1988
Tytöt 13;Pituus;5,03;Verna Vuorela;Laitila;23.9.2018
Tytöt 13;Kolmiloikka;10,44;Verna Vuorela;Turku;2.9.2018
Tytöt 13;Kuula;13,41;Anni-Mari Huhtanen;Laitila;9.9.2009
Tytöt 13;Kiekko;43,17;Krista Uusi-Kinnala;Punkalaidun;24.6.2010
Tytöt 13;Moukari;40,72;Aada Vuoriaho;Lieto;3.8.2019
Tytöt 13;Keihäs;43,34;Sini Kiiski;Pihtipudas;5.7.2002
Tytöt 13;Neliottelu;1769;Jutta Lukkala;Laitila;22.7.2012
Tytöt 13;Viisiottelu;2044;Lotta Metsärinta;Uusikaupunki;25.8.2018
Tytöt 13;2000m kävely;10.39,72;Susanna Aulin;Rauma;18.8.2002
Tytöt 14;100m;12,83;Verna Vuorela;Turku;10.6.2019
Tytöt 14;300m;42,92;Katri Routsalo;Ylöjärvi;22.6.1990
Tytöt 14;800m;2.17,96;Jaana Simola;Oulainen;25.8.1990
Tytöt 14;2000m;6.48,47;Kia Minkkinen;Kajaani;3.9.1995
Tytöt 14;1500m estejuoksu;5.58,09;Alice Reivo;Turku;16.8.2017
Tytöt 14;80m aitajuoksu;12,33;Verna Vuorela;Laitila;28.9.2019
Tytöt 14;300m aitajuoksu;48,64;Jutta Lukkala;Turku;10.8.2013
Tytöt 14;Korkeus;163;Mari Hämäläinen;Turku;2.7.1994
Tytöt 14;Seiväs;307;Venla Laiho;Turku;5.8.2009
Tytöt 14;Pituus;5,41;Tiina Varjonen;Mynämäki;8.7.1981
Tytöt 14;Kolmiloikka;11,01;Saara Simola;Tampere;19.6.2004
Tytöt 14;Kuula;12,79;Anni-Mari Huhtanen;Turku;8.8.2010
Tytöt 14;Kiekko;42,72;Sanni Grönroos;Turku;9.7.2013
Tytöt 14;Moukari;47,23;Aada Vuoriaho;Nousiainen;19.9.2020
Tytöt 14;Keihäs;47,03;Sini Kiiski;Hyvinkää;4.9.2004
Tytöt 14;Viisiottelu;2318;Sini Kiiski;Raisio;10.9.2004
Tytöt 14;3000m kävely;14.54,3h;Kia Minkkinen;Lahti;6.6.1995
Tytöt 15;100m;12,55;Verna Vuorela;Turku;25.7.2020
Tytöt 15;300m;42,92;Katri Routsalo;Ylöjärvi;22.6.1990
Tytöt 15;800m;2.15,00;Kia Minkkinen;Saarijärvi;22.6.1996
Tytöt 15;2000m;6.47,71;Kia Minkkinen;Loimaa/H;18.8.1996
Tytöt 15;1500m estejuoksu;5.55,38;Alice Reivo;Raisio;22.5.2018
Tytöt 15;80m aitajuoksu;11,83;Verna Vuorela;Turku;26.7.2020
Tytöt 15;300m aitajuoksu;45,32;Lotta Metsärinta;Naantali;7.8.2020
Tytöt 15;Korkeus;164;Heli Airasmäki;Espoo/Le;9.6.1990
Tytöt 15;Seiväs;312;Venla Laiho;Turku;7.8.2010
Tytöt 15;Pituus;5,49;Jutta Lukkala;Raisio;23.8.2014
Tytöt 15;Kolmiloikka;11,01;Saara Simola;Tampere;19.6.2004
Tytöt 15;Kuula;13,45;Anni-Mari Huhtanen;Turku;31.7.2011
Tytöt 15;Kiekko;44,47;Krista Uusi-Kinnala;Turku;16.9.2012
Tytöt 15;Moukari;53,68;Aada Vuoriaho;Turku;1.8.2021
Tytöt 15;Keihäs;54,50;Sini Kiiski;Jyväskylä;3.9.2005
Tytöt 15;Viisiottelu;2394;Jutta Lukkala;Pietarsaari;7.9.2014
Tytöt 15;3000m kävely;14.54,3h;Kia Minkkinen;Lahti;6.6.1995